-2000.488920713145,-2000.488920713145,-2000.4889207131453,-1997.3473280595558,-1997.3473280595563,-2000.4889207131453,-941.7721964531141,-1438.143835720572,-2000.4889207131453,-2000.4889207131453,-2000.4889207131453,-2000.488920713145,-2000.488920713145,-2000.488920713145,-2003.6305133667354,-948.0553817605262,-1997.3473280595554,-1987.922550098786,-2003.6305133667354,-1997.3473280595558,-2000.4889207131453,-2003.630513366735,-2003.6305133667345,-2000.488920713145,-2000.4889207131453,-2003.6305133667354,-2000.488920713145,-2003.6305133667354,-2000.4889207131453,-2003.6305133667345,-2003.630513366735,-1994.2057354059655,-2003.630513366735,-2000.4889207131453,-1519.825244713907,-1984.7809574451965,-2000.4889207131455,-2003.630513366735,-2003.6305133667354,-2000.488920713145,-938.6306037993413,-944.9137891067388,-948.0553817604035,-1987.922550098786,-2003.6305133667356,-2003.6305133667358,-1997.3473280595558,-1997.3473280595554,-2000.488920713145,-2000.4889207131453
-2001.1315763906412,-2001.1315763906412,-2001.1315763906416,-1997.989983737052,-1997.9899837370524,-2001.1315763906416,-942.4148521306516,-1438.7864913980684,-2001.1315763906416,-2001.1315763906416,-2001.1315763906416,-2001.1315763906412,-2001.1315763906412,-2001.1315763906412,-2004.2731690442315,-948.6980374380283,-1997.9899837370515,-1988.565205776282,-2004.2731690442315,-1997.989983737052,-2001.1315763906416,-2004.2731690442313,-2004.2731690442308,-2001.1315763906412,-2001.1315763906416,-2004.2731690442315,-2001.1315763906412,-2004.2731690442315,-2001.1315763906416,-2004.2731690442308,-2004.273169044231,-1994.8483910834616,-2004.2731690442313,-2001.1315763906416,-1520.4679003914034,-1985.4236131226926,-2001.1315763906416,-2004.273169044231,-2004.2731690442315,-2001.1315763906412,-939.2732594769067,-945.556444784271,-948.6980374379243,-1988.5652057762823,-2004.2731690442315,-2004.273169044232,-1997.989983737052,-1997.9899837370515,-2001.1315763906412,-2001.1315763906416
-2001.7742320881,-2001.7742320881,-2001.7742320881002,-1998.6326394345106,-1998.632639434511,-2001.7742320881002,-943.0575078281606,-1439.4291470955272,-2001.7742320881002,-2001.7742320881002,-2001.7742320881002,-2001.7742320881,-2001.7742320881,-2001.7742320881,-2004.9158247416901,-949.3406931354943,-1998.6326394345103,-1989.2078614737409,-2004.9158247416901,-1998.6326394345106,-2001.7742320881002,-2004.91582474169,-2004.9158247416897,-2001.7742320881,-2001.7742320881002,-2004.9158247416901,-2001.7742320881,-2004.9158247416901,-2001.7742320881002,-2004.9158247416897,-2004.91582474169,-1995.4910467809204,-2004.91582474169,-2001.7742320881002,-1521.110556088862,-1986.0662688201512,-2001.7742320881002,-2004.91582474169,-2004.9158247416901,-2001.7742320881,-939.9159151744495,-946.1991004817735,-949.340693135413,-1989.2078614737409,-2004.9158247416901,-2004.9158247416906,-1998.6326394345106,-1998.6326394345103,-2001.7742320881,-2001.7742320881002
-2002.4168878060427,-2002.416887806043,-2002.416887806043,-1999.2752951524535,-1999.2752951524537,-2002.416887806043,-943.7001635461437,-1440.0718028134702,-2002.416887806043,-2002.4168878060432,-2002.4168878060432,-2002.416887806043,-2002.4168878060427,-2002.4168878060427,-2005.558480459633,-949.983348853443,-1999.2752951524533,-1989.8505171916836,-2005.558480459633,-1999.2752951524535,-2002.416887806043,-2005.5584804596326,-2005.5584804596326,-2002.416887806043,-2002.4168878060432,-2005.558480459633,-2002.416887806043,-2005.558480459633,-2002.4168878060432,-2005.5584804596326,-2005.5584804596328,-1996.1337024988634,-2005.5584804596328,-2002.4168878060432,-1521.753211806805,-1986.7089245380942,-2002.4168878060432,-2005.5584804596326,-2005.5584804596328,-2002.4168878060427,-940.5585708924598,-946.8417561997513,-949.9833488533799,-1989.8505171916836,-2005.5584804596328,-2005.558480459633,-1999.2752951524533,-1999.2752951524533,-2002.4168878060427,-2002.4168878060432
-2003.0595435455994,-2003.0595435455996,-2003.0595435455996,-1999.9179508920101,-1999.9179508920106,-2003.0595435455996,-944.3428192856957,-1440.7144585530268,-2003.0595435455998,-2003.0595435455998,-2003.0595435455998,-2003.0595435455998,-2003.0595435455994,-2003.0595435455994,-2006.2011361991897,-950.626004592999,-1999.91795089201,-1990.4931729312402,-2006.2011361991897,-1999.9179508920101,-2003.0595435455996,-2006.2011361991892,-2006.2011361991892,-2003.0595435455996,-2003.0595435455998,-2006.2011361991897,-2003.0595435455996,-2006.2011361991897,-2003.0595435455998,-2006.2011361991892,-2006.2011361991895,-1996.77635823842,-2006.2011361991895,-2003.0595435455998,-1522.3958675463616,-1987.3515802776508,-2003.0595435455998,-2006.2011361991892,-2006.2011361991895,-2003.0595435455994,-941.2012266320085,-947.4844119393039,-950.6260045929337,-1990.4931729312402,-2006.2011361991895,-2006.20113619919,-1999.9179508920101,-1999.91795089201,-2003.0595435455994,-2003.0595435455998
-2003.7021993048452,-2003.7021993048454,-2003.7021993048454,-2000.5606066512562,-2000.5606066512564,-2003.7021993048454,-944.9854750449367,-1441.3571143122726,-2003.7021993048456,-2003.7021993048456,-2003.7021993048456,-2003.7021993048456,-2003.7021993048452,-2003.7021993048452,-2006.8437919584355,-951.2686603522443,-2000.5606066512557,-1991.1358286904863,-2006.8437919584355,-2000.560606651256,-2003.7021993048454,-2006.843791958435,-2006.843791958435,-2003.7021993048454,-2003.7021993048456,-2006.8437919584355,-2003.7021993048454,-2006.8437919584355,-2003.7021993048456,-2006.843791958435,-2006.8437919584353,-1997.4190139976658,-2006.8437919584353,-2003.7021993048459,-1523.0385233056074,-1987.9942360368966,-2003.7021993048456,-2006.843791958435,-2006.8437919584353,-2003.7021993048452,-941.8438823912464,-948.1270676985456,-951.2686603521768,-1991.1358286904863,-2006.8437919584353,-2006.8437919584358,-2000.560606651256,-2000.5606066512557,-2003.7021993048452,-2003.7021993048456
-2004.344855083576,-2004.3448550835762,-2004.3448550835762,-2001.2032624299868,-2001.203262429987,-2004.3448550835762,-945.6281308236629,-1441.9997700910035,-2004.3448550835762,-2004.3448550835765,-2004.3448550835765,-2004.3448550835762,-2004.344855083576,-2004.344855083576,-2007.4864477371661,-951.9113161309743,-2001.2032624299866,-1991.778484469217,-2007.4864477371664,-2001.2032624299868,-2004.3448550835762,-2007.486447737166,-2007.486447737166,-2004.3448550835762,-2004.3448550835765,-2007.4864477371664,-2004.3448550835762,-2007.4864477371661,-2004.3448550835765,-2007.4864477371657,-2007.486447737166,-1998.0616697763967,-2007.4864477371661,-2004.3448550835765,-1523.6811790843383,-1988.6368918156275,-2004.3448550835765,-2007.486447737166,-2007.4864477371661,-2004.344855083576,-942.4865381699693,-948.7697234772724,-951.9113161309048,-1991.778484469217,-2007.4864477371661,-2007.4864477371664,-2001.2032624299866,-2001.2032624299864,-2004.344855083576,-2004.3448550835765
-2004.9875108815884,-2004.9875108815886,-2004.9875108815886,-2001.8459182279992,-2001.8459182279994,-2004.9875108815886,-946.2707866216707,-1442.6424258890158,-2004.9875108815886,-2004.9875108815888,-2004.9875108815886,-2004.9875108815886,-2004.9875108815884,-2004.9875108815884,-2008.1291035351785,-952.5539719289861,-2001.8459182279987,-1992.4211402672292,-2008.1291035351787,-2001.8459182279992,-2004.9875108815886,-2008.1291035351783,-2008.1291035351783,-2004.9875108815886,-2004.9875108815888,-2008.1291035351787,-2004.9875108815886,-2008.1291035351785,-2004.9875108815888,-2008.129103535178,-2008.1291035351783,-1998.704325574409,-2008.1291035351783,-2004.9875108815888,-1524.3238348823506,-1989.2795476136398,-2004.9875108815888,-2008.1291035351783,-2008.1291035351785,-2004.9875108815884,-943.1291939679741,-949.4123792752807,-952.5539719289145,-1992.4211402672292,-2008.1291035351785,-2008.1291035351787,-2001.845918227999,-2001.8459182279987,-2004.9875108815884,-2004.9875108815888
-2005.63016669868,-2005.6301666986801,-2005.6301666986801,-2002.4885740450907,-2002.488574045091,-2005.6301666986801,-946.9134424387579,-1443.2850817061073,-2005.6301666986801,-2005.6301666986803,-2005.6301666986803,-2005.6301666986801,-2005.63016669868,-2005.63016669868,-2008.77175935227,-953.1966277460771,-2002.4885740450904,-1993.0637960843208,-2008.7717593522702,-2002.4885740450907,-2005.6301666986801,-2008.7717593522698,-2008.7717593522698,-2005.6301666986801,-2005.6301666986803,-2008.7717593522702,-2005.6301666986801,-2008.77175935227,-2005.6301666986803,-2008.7717593522696,-2008.7717593522698,-1999.3469813915005,-2008.77175935227,-2005.6301666986803,-1524.9664906994421,-1989.9222034307313,-2005.6301666986803,-2008.7717593522698,-2008.77175935227,-2005.63016669868,-943.7718497850583,-950.0550350923685,-953.1966277460034,-1993.0637960843208,-2008.77175935227,-2008.7717593522705,-2002.4885740450904,-2002.4885740450904,-2005.63016669868,-2005.6301666986803
-2006.2728225346489,-2006.2728225346493,-2006.2728225346493,-2003.1312298810599,-2003.13122988106,-2006.272822534649,-947.5560982747229,-1443.9277375420766,-2006.2728225346493,-2006.2728225346495,-2006.2728225346493,-2006.2728225346493,-2006.272822534649,-2006.272822534649,-2009.4144151882392,-953.8392835820457,-2003.1312298810594,-1993.70645192029,-2009.4144151882394,-2003.1312298810599,-2006.2728225346493,-2009.414415188239,-2009.414415188239,-2006.2728225346493,-2006.2728225346495,-2009.4144151882394,-2006.2728225346493,-2009.4144151882392,-2006.2728225346495,-2009.4144151882388,-2009.414415188239,-1999.9896372274698,-2009.414415188239,-2006.2728225346495,-1525.6091465354114,-1990.5648592667005,-2006.2728225346495,-2009.414415188239,-2009.4144151882392,-2006.272822534649,-944.4145056210206,-950.6976909283342,-953.8392835819702,-1993.70645192029,-2009.4144151882392,-2009.4144151882397,-2003.1312298810597,-2003.1312298810594,-2006.272822534649,-2006.2728225346495
-2006.9154783892952,-2006.9154783892955,-2006.9154783892955,-2003.7738857357062,-2003.7738857357062,-2006.9154783892955,-948.1987541293653,-1444.5703933967227,-2006.9154783892955,-2006.9154783892957,-2006.9154783892957,-2006.9154783892955,-2006.9154783892952,-2006.9154783892952,-2010.0570710428854,-954.4819394366913,-2003.7738857357058,-1994.349107774936,-2010.0570710428856,-2003.773885735706,-2006.9154783892955,-2010.0570710428851,-2010.0570710428851,-2006.9154783892955,-2006.9154783892957,-2010.0570710428856,-2006.9154783892955,-2010.0570710428854,-2006.9154783892957,-2010.057071042885,-2010.0570710428851,-2000.632293082116,-2010.0570710428851,-2006.9154783892957,-1526.2518023900577,-1991.2075151213467,-2006.9154783892957,-2010.0570710428851,-2010.0570710428854,-2006.9154783892952,-945.0571614756603,-951.3403467829769,-954.4819394366141,-1994.349107774936,-2010.0570710428854,-2010.0570710428858,-2003.7738857357058,-2003.7738857357058,-2006.9154783892952,-2006.9154783892957
-2007.5581342624182,-2007.5581342624184,-2007.5581342624184,-2004.4165416088292,-2004.4165416088292,-2007.5581342624184,-948.8414100024848,-1445.2130492698457,-2007.5581342624184,-2007.5581342624187,-2007.5581342624187,-2007.5581342624187,-2007.5581342624182,-2007.5581342624182,-2010.6997269160083,-955.1245953098138,-2004.4165416088288,-1994.991763648059,-2010.6997269160086,-2004.416541608829,-2007.5581342624184,-2010.699726916008,-2010.699726916008,-2007.5581342624184,-2007.5581342624187,-2010.6997269160086,-2007.5581342624184,-2010.6997269160086,-2007.5581342624187,-2010.699726916008,-2010.6997269160083,-2001.274948955239,-2010.6997269160083,-2007.5581342624187,-1526.8944582631807,-1991.8501709944696,-2007.5581342624187,-2010.699726916008,-2010.6997269160083,-2007.5581342624182,-945.6998173487775,-951.9830026560969,-955.124595309735,-1994.9917636480593,-2010.6997269160083,-2010.6997269160088,-2004.4165416088288,-2004.4165416088288,-2007.5581342624182,-2007.5581342624187
-2008.2007901538188,-2008.200790153819,-2008.200790153819,-2005.0591975002299,-2005.05919750023,-2008.200790153819,-949.4840658938824,-1445.8557051612465,-2008.200790153819,-2008.2007901538195,-2008.2007901538193,-2008.2007901538193,-2008.2007901538188,-2008.2007901538188,-2011.3423828074092,-955.7672512012141,-2005.0591975002294,-1995.6344195394597,-2011.3423828074094,-2005.0591975002299,-2008.200790153819,-2011.342382807409,-2011.3423828074087,-2008.200790153819,-2008.2007901538193,-2011.3423828074094,-2008.200790153819,-2011.3423828074092,-2008.2007901538193,-2011.3423828074087,-2011.342382807409,-2001.9176048466397,-2011.342382807409,-2008.2007901538195,-1527.5371141545813,-1992.4928268858703,-2008.2007901538193,-2011.342382807409,-2011.342382807409,-2008.2007901538188,-946.342473240173,-952.6256585474949,-955.767251201134,-1995.63441953946,-2011.342382807409,-2011.3423828074094,-2005.0591975002296,-2005.0591975002294,-2008.2007901538188,-2008.2007901538193
-2008.8434460632986,-2008.8434460632989,-2008.8434460632989,-2005.7018534097097,-2005.7018534097099,-2008.8434460632989,-950.1267218033596,-1446.4983610707263,-2008.8434460632989,-2008.8434460632993,-2008.843446063299,-2008.843446063299,-2008.8434460632986,-2008.8434460632986,-2011.9850387168888,-956.4099071106934,-2005.7018534097092,-1996.2770754489395,-2011.985038716889,-2005.7018534097097,-2008.8434460632989,-2011.9850387168885,-2011.9850387168885,-2008.8434460632989,-2008.843446063299,-2011.985038716889,-2008.8434460632989,-2011.985038716889,-2008.843446063299,-2011.9850387168885,-2011.9850387168888,-2002.5602607561195,-2011.9850387168888,-2008.843446063299,-1528.1797700640611,-1993.13548279535,-2008.843446063299,-2011.9850387168885,-2011.9850387168888,-2008.8434460632986,-946.9851291496485,-953.2683144569725,-956.4099071106122,-1996.2770754489397,-2011.9850387168888,-2011.9850387168892,-2005.7018534097094,-2005.7018534097092,-2008.8434460632986,-2008.843446063299
-2009.4861019906593,-2009.4861019906598,-2009.4861019906596,-2006.3445093370703,-2006.3445093370706,-2009.4861019906596,-950.7693777307184,-1447.141016998087,-2009.4861019906598,-2009.48610199066,-2009.4861019906598,-2009.4861019906598,-2009.4861019906593,-2009.4861019906593,-2012.6276946442497,-957.0525630380539,-2006.34450933707,-1996.9197313763004,-2012.62769464425,-2006.3445093370703,-2009.4861019906596,-2012.6276946442495,-2012.6276946442492,-2009.4861019906598,-2009.48610199066,-2012.62769464425,-2009.4861019906598,-2012.6276946442497,-2009.4861019906598,-2012.6276946442492,-2012.6276946442495,-2003.2029166834802,-2012.6276946442495,-2009.48610199066,-1528.8224259914218,-1993.778138722711,-2009.48610199066,-2012.6276946442495,-2012.6276946442497,-2009.4861019906593,-947.6277850770059,-953.9109703843314,-957.0525630379717,-1996.9197313763004,-2012.6276946442497,-2012.6276946442501,-2006.3445093370701,-2006.34450933707,-2009.4861019906593,-2009.48610199066
-2010.1287579357038,-2010.128757935704,-2010.128757935704,-2006.9871652821148,-2006.987165282115,-2010.128757935704,-951.4120336757613,-1447.7836729431313,-2010.128757935704,-2010.1287579357045,-2010.1287579357042,-2010.1287579357042,-2010.1287579357038,-2010.1287579357038,-2013.270350589294,-957.6952189830981,-2006.9871652821143,-1997.5623873213447,-2013.2703505892944,-2006.9871652821148,-2010.128757935704,-2013.270350589294,-2013.2703505892937,-2010.128757935704,-2010.1287579357042,-2013.2703505892941,-2010.128757935704,-2013.2703505892941,-2010.1287579357042,-2013.2703505892937,-2013.270350589294,-2003.8455726285247,-2013.270350589294,-2010.1287579357042,-1529.4650819364663,-1994.4207946677552,-2010.1287579357042,-2013.2703505892937,-2013.270350589294,-2010.1287579357038,-948.270441022048,-954.5536263293747,-957.6952189830153,-1997.5623873213449,-2013.270350589294,-2013.2703505892944,-2006.9871652821143,-2006.9871652821143,-2010.1287579357038,-2010.1287579357042
-2010.7714138982346,-2010.771413898235,-2010.7714138982349,-2007.6298212446457,-2007.6298212446459,-2010.7714138982349,-952.0546896382917,-1448.4263289056623,-2010.7714138982349,-2010.7714138982353,-2010.7714138982353,-2010.771413898235,-2010.7714138982346,-2010.7714138982346,-2013.913006551825,-958.3378749456289,-2007.6298212446452,-1998.2050432838757,-2013.9130065518252,-2007.6298212446457,-2010.7714138982349,-2013.9130065518248,-2013.9130065518245,-2010.771413898235,-2010.7714138982353,-2013.9130065518252,-2010.771413898235,-2013.913006551825,-2010.771413898235,-2013.9130065518245,-2013.9130065518248,-2004.4882285910555,-2013.9130065518248,-2010.7714138982353,-1530.1077378989971,-1995.0634506302863,-2010.7714138982353,-2013.9130065518248,-2013.913006551825,-2010.7714138982346,-948.9130969845779,-955.196282291905,-958.3378749455458,-1998.2050432838757,-2013.913006551825,-2013.9130065518254,-2007.6298212446454,-2007.6298212446452,-2010.7714138982346,-2010.7714138982353
-2011.414069878056,-2011.4140698780561,-2011.4140698780561,-2008.272477224467,-2008.272477224467,-2011.414069878056,-952.697345618113,-1449.0689848854834,-2011.4140698780561,-2011.4140698780564,-2011.4140698780564,-2011.4140698780561,-2011.414069878056,-2011.414069878056,-2014.555662531646,-958.98053092545,-2008.2724772244665,-1998.8476992636968,-2014.5556625316462,-2008.272477224467,-2011.414069878056,-2014.5556625316458,-2014.5556625316458,-2011.4140698780561,-2011.4140698780564,-2014.5556625316462,-2011.4140698780561,-2014.555662531646,-2011.4140698780564,-2014.5556625316456,-2014.5556625316458,-2005.1308845708768,-2014.5556625316458,-2011.4140698780564,-1530.7503938788184,-1995.7061066101073,-2011.4140698780564,-2014.5556625316458,-2014.555662531646,-2011.4140698780557,-949.5557529643995,-955.8389382717263,-958.980530925367,-1998.8476992636968,-2014.555662531646,-2014.5556625316465,-2008.2724772244665,-2008.2724772244665,-2011.414069878056,-2011.4140698780564
-2012.0567258749707,-2012.056725874971,-2012.0567258749709,-2008.915133221382,-2008.915133221382,-2012.0567258749709,-953.3400016150292,-1449.7116408823983,-2012.056725874971,-2012.0567258749713,-2012.0567258749713,-2012.056725874971,-2012.0567258749709,-2012.0567258749707,-2015.198318528561,-959.623186922365,-2008.9151332213814,-1999.4903552606118,-2015.1983185285612,-2008.915133221382,-2012.0567258749709,-2015.1983185285608,-2015.1983185285608,-2012.056725874971,-2012.0567258749713,-2015.1983185285612,-2012.056725874971,-2015.198318528561,-2012.0567258749713,-2015.1983185285605,-2015.1983185285608,-2005.7735405677918,-2015.1983185285608,-2012.0567258749713,-1531.3930498757331,-1996.3487626070223,-2012.0567258749713,-2015.1983185285608,-2015.198318528561,-2012.0567258749707,-950.1984089613165,-956.4815942686423,-959.6231869222826,-1999.4903552606118,-2015.198318528561,-2015.1983185285615,-2008.9151332213814,-2008.9151332213814,-2012.0567258749707,-2012.0567258749713
-2012.6993818887838,-2012.6993818887843,-2012.699381888784,-2009.5577892351948,-2009.557789235195,-2012.699381888784,-953.9826576288445,-1450.3542968962113,-2012.699381888784,-2012.6993818887845,-2012.6993818887843,-2012.6993818887843,-2012.6993818887838,-2012.6993818887838,-2015.840974542374,-960.2658429361783,-2009.5577892351944,-2000.1330112744247,-2015.8409745423744,-2009.5577892351948,-2012.699381888784,-2015.840974542374,-2015.8409745423737,-2012.6993818887843,-2012.6993818887845,-2015.8409745423744,-2012.6993818887843,-2015.8409745423742,-2012.6993818887843,-2015.8409745423737,-2015.840974542374,-2006.4161965816047,-2015.840974542374,-2012.6993818887845,-1532.0357058895463,-1996.9914186208352,-2012.6993818887843,-2015.840974542374,-2015.840974542374,-2012.6993818887838,-950.8410649751335,-957.1242502824573,-960.265842936097,-2000.133011274425,-2015.840974542374,-2015.8409745423746,-2009.5577892351946,-2009.5577892351944,-2012.6993818887838,-2012.6993818887843
-2013.3420379192996,-2013.3420379192999,-2013.3420379192999,-2010.2004452657106,-2010.2004452657106,-2013.3420379192996,-954.6253136593637,-1450.9969529267269,-2013.3420379192999,-2013.3420379193,-2013.3420379193,-2013.3420379192999,-2013.3420379192996,-2013.3420379192996,-2016.4836305728898,-960.9084989666944,-2010.2004452657102,-2000.7756673049405,-2016.48363057289,-2010.2004452657106,-2013.3420379192996,-2016.4836305728895,-2016.4836305728895,-2013.3420379192999,-2013.3420379193,-2016.48363057289,-2013.3420379192999,-2016.4836305728898,-2013.3420379193,-2016.4836305728895,-2016.4836305728895,-2007.0588526121205,-2016.4836305728898,-2013.3420379193,-1532.678361920062,-1997.634074651351,-2013.3420379193,-2016.4836305728895,-2016.4836305728898,-2013.3420379192994,-951.483721005655,-957.7669063129761,-960.9084989666147,-2000.7756673049407,-2016.4836305728898,-2016.4836305728902,-2010.2004452657102,-2010.2004452657102,-2013.3420379192996,-2013.3420379193
-2013.9846939663225,-2013.984693966323,-2013.9846939663228,-2010.8431013127336,-2010.8431013127338,-2013.9846939663228,-955.2679697063915,-1451.6396089737498,-2013.9846939663228,-2013.9846939663232,-2013.9846939663232,-2013.984693966323,-2013.9846939663228,-2013.9846939663225,-2017.1262866199127,-961.551155013718,-2010.843101312733,-2001.4183233519636,-2017.1262866199131,-2010.8431013127336,-2013.9846939663228,-2017.1262866199127,-2017.1262866199127,-2013.984693966323,-2013.9846939663232,-2017.1262866199131,-2013.984693966323,-2017.126286619913,-2013.984693966323,-2017.1262866199124,-2017.1262866199127,-2007.7015086591437,-2017.1262866199127,-2013.9846939663232,-1533.3210179670848,-1998.2767306983742,-2013.9846939663232,-2017.1262866199127,-2017.126286619913,-2013.9846939663225,-952.126377052686,-958.4095623600032,-961.5511550136405,-2001.4183233519636,-2017.126286619913,-2017.1262866199133,-2010.8431013127333,-2010.843101312733,-2013.9846939663225,-2013.9846939663232
-2014.627350029658,-2014.6273500296584,-2014.6273500296581,-2011.485757376069,-2011.485757376069,-2014.6273500296581,-955.9106257697329,-1452.2822650370852,-2014.6273500296581,-2014.6273500296586,-2014.6273500296584,-2014.6273500296584,-2014.627350029658,-2014.627350029658,-2017.768942683248,-962.193811077054,-2011.4857573760685,-2002.0609794152988,-2017.7689426832485,-2011.485757376069,-2014.627350029658,-2017.768942683248,-2017.7689426832478,-2014.6273500296584,-2014.6273500296586,-2017.7689426832485,-2014.6273500296584,-2017.7689426832483,-2014.6273500296584,-2017.7689426832478,-2017.768942683248,-2008.3441647224788,-2017.768942683248,-2014.6273500296584,-1533.9636740304202,-1998.9193867617093,-2014.6273500296584,-2017.768942683248,-2017.768942683248,-2014.627350029658,-952.7690331160318,-959.0522184233439,-962.1938110769794,-2002.060979415299,-2017.768942683248,-2017.7689426832485,-2011.4857573760685,-2011.4857573760685,-2014.627350029658,-2014.6273500296584
-2015.2700061091107,-2015.270006109111,-2015.2700061091107,-2012.1284134555215,-2012.1284134555215,-2015.2700061091107,-956.5532818491932,-1452.9249211165377,-2015.2700061091107,-2015.2700061091111,-2015.2700061091111,-2015.270006109111,-2015.2700061091107,-2015.2700061091105,-2018.4115987627006,-962.8364671565075,-2012.128413455521,-2002.7036354947516,-2018.411598762701,-2012.1284134555215,-2015.2700061091107,-2018.4115987627006,-2018.4115987627006,-2015.270006109111,-2015.2700061091111,-2018.411598762701,-2015.270006109111,-2018.4115987627008,-2015.270006109111,-2018.4115987627004,-2018.4115987627006,-2008.9868208019316,-2018.4115987627006,-2015.2700061091111,-1534.6063301098725,-1999.562042841162,-2015.2700061091111,-2018.4115987627006,-2018.4115987627008,-2015.2700061091105,-953.4116891954975,-959.6948745028031,-962.8364671564366,-2002.7036354947516,-2018.4115987627008,-2018.4115987627013,-2012.1284134555212,-2012.128413455521,-2015.2700061091107,-2015.2700061091111
-2015.9126622044855,-2015.912662204486,-2015.9126622044857,-2012.7710695508965,-2012.7710695508965,-2015.9126622044857,-957.1959379445777,-1453.5675772119125,-2015.9126622044857,-2015.9126622044862,-2015.912662204486,-2015.912662204486,-2015.9126622044857,-2015.9126622044855,-2019.0542548580756,-963.4791232518837,-2012.771069550896,-2003.3462915901266,-2019.054254858076,-2012.7710695508965,-2015.9126622044857,-2019.0542548580756,-2019.0542548580756,-2015.912662204486,-2015.9126622044862,-2019.054254858076,-2015.912662204486,-2019.0542548580759,-2015.912662204486,-2019.0542548580754,-2019.0542548580756,-2009.6294768973064,-2019.0542548580756,-2015.9126622044862,-1535.2489862052475,-2000.204698936537,-2015.912662204486,-2019.0542548580756,-2019.0542548580756,-2015.9126622044855,-954.0543452908886,-960.3375305981864,-963.4791232518171,-2003.3462915901266,-2019.0542548580756,-2019.054254858076,-2012.7710695508963,-2012.771069550896,-2015.9126622044855,-2015.912662204486
-2016.5553183155882,-2016.5553183155887,-2016.5553183155885,-2013.4137256619993,-2013.4137256619993,-2016.5553183155885,-957.8385940556917,-1454.210233323015,-2016.5553183155885,-2016.5553183155887,-2016.5553183155887,-2016.5553183155887,-2016.5553183155882,-2016.5553183155882,-2019.6969109691784,-964.1217793629877,-2013.4137256619988,-2003.988947701229,-2019.6969109691786,-2013.4137256619993,-2016.5553183155882,-2019.6969109691784,-2019.6969109691781,-2016.5553183155887,-2016.5553183155887,-2019.6969109691786,-2016.5553183155887,-2019.6969109691784,-2016.5553183155887,-2019.6969109691781,-2019.6969109691784,-2010.2721330084091,-2019.6969109691784,-2016.5553183155887,-1535.89164231635,-2000.8473550476397,-2016.5553183155887,-2019.6969109691784,-2019.6969109691784,-2016.5553183155882,-954.6970014020104,-960.9801867092989,-964.1217793629263,-2003.9889477012293,-2019.6969109691784,-2019.6969109691788,-2013.4137256619988,-2013.4137256619988,-2016.5553183155882,-2016.5553183155887
-2017.1979744422235,-2017.197974442224,-2017.1979744422238,-2014.0563817886343,-2014.0563817886343,-2017.1979744422235,-958.4812501823403,-1454.85288944965,-2017.1979744422238,-2017.197974442224,-2017.197974442224,-2017.197974442224,-2017.1979744422235,-2017.1979744422235,-2020.3395670958137,-964.7644354896246,-2014.056381788634,-2004.6316038278644,-2020.339567095814,-2014.0563817886343,-2017.1979744422235,-2020.3395670958137,-2020.3395670958134,-2017.197974442224,-2017.197974442224,-2020.339567095814,-2017.197974442224,-2020.3395670958137,-2017.197974442224,-2020.3395670958134,-2020.3395670958137,-2010.9147891350444,-2020.3395670958137,-2017.197974442224,-1536.5342984429851,-2001.490011174275,-2017.197974442224,-2020.3395670958137,-2020.3395670958137,-2017.1979744422235,-955.3396575286682,-961.6228428359458,-964.7644354895695,-2004.6316038278646,-2020.3395670958137,-2020.3395670958141,-2014.056381788634,-2014.056381788634,-2017.1979744422235,-2017.197974442224
-2017.8406305841966,-2017.840630584197,-2017.8406305841966,-2014.6990379306073,-2014.6990379306073,-2017.8406305841966,-959.1239063243289,-1455.4955455916229,-2017.8406305841968,-2017.840630584197,-2017.840630584197,-2017.840630584197,-2017.8406305841966,-2017.8406305841966,-2020.9822232377867,-965.4070916315995,-2014.6990379306071,-2005.2742599698374,-2020.982223237787,-2014.6990379306073,-2017.8406305841966,-2020.9822232377867,-2020.9822232377865,-2017.8406305841968,-2017.840630584197,-2020.982223237787,-2017.840630584197,-2020.9822232377867,-2017.840630584197,-2020.9822232377865,-2020.9822232377867,-2011.5574452770175,-2020.9822232377867,-2017.840630584197,-1537.176954584958,-2002.132667316248,-2017.840630584197,-2020.9822232377865,-2020.9822232377867,-2017.8406305841966,-955.9823136706675,-962.2654989779322,-965.4070916315516,-2005.2742599698377,-2020.9822232377867,-2020.982223237787,-2014.6990379306071,-2014.6990379306071,-2017.8406305841966,-2017.840630584197
-2018.4832867413122,-2018.4832867413124,-2018.4832867413122,-2015.341694087723,-2015.341694087723,-2018.4832867413122,-959.7665624814624,-1456.1382017487383,-2018.4832867413122,-2018.4832867413127,-2018.4832867413127,-2018.4832867413124,-2018.4832867413122,-2018.4832867413122,-2021.624879394902,-966.0497477887172,-2015.3416940877225,-2005.916916126953,-2021.6248793949026,-2015.341694087723,-2018.4832867413122,-2021.624879394902,-2021.624879394902,-2018.4832867413124,-2018.4832867413127,-2021.6248793949026,-2018.4832867413124,-2021.6248793949023,-2018.4832867413124,-2021.624879394902,-2021.624879394902,-2012.200101434133,-2021.624879394902,-2018.4832867413127,-1537.8196107420733,-2002.7753234733634,-2018.4832867413127,-2021.624879394902,-2021.6248793949023,-2018.4832867413122,-956.6249698278134,-962.9081551350635,-966.0497477886777,-2005.916916126953,-2021.6248793949023,-2021.6248793949026,-2015.3416940877228,-2015.3416940877225,-2018.4832867413122,-2018.4832867413127
-2019.1259429133752,-2019.1259429133754,-2019.1259429133752,-2015.984350259786,-2015.984350259786,-2019.1259429133752,-960.409218653546,-1456.780857920801,-2019.1259429133752,-2019.1259429133756,-2019.1259429133754,-2019.1259429133754,-2019.1259429133752,-2019.1259429133752,-2022.267535566965,-966.6924039607828,-2015.9843502597855,-2006.559572299016,-2022.2675355669655,-2015.984350259786,-2019.1259429133752,-2022.267535566965,-2022.267535566965,-2019.1259429133754,-2019.1259429133756,-2022.2675355669655,-2019.1259429133754,-2022.2675355669653,-2019.1259429133754,-2022.267535566965,-2022.267535566965,-2012.8427576061958,-2022.267535566965,-2019.1259429133756,-1538.462266914136,-2003.4179796454264,-2019.1259429133754,-2022.267535566965,-2022.267535566965,-2019.1259429133752,-957.267625999911,-963.5508113071443,-966.6924039607526,-2006.559572299016,-2022.267535566965,-2022.2675355669655,-2015.9843502597855,-2015.9843502597855,-2019.1259429133752,-2019.1259429133754
-2019.768599101573,-2019.7685991015733,-2019.768599101573,-2016.6270064479838,-2016.6270064479836,-2019.768599101573,-961.051874841759,-1457.4235141089987,-2019.7685991015733,-2019.7685991015735,-2019.7685991015733,-2019.7685991015733,-2019.768599101573,-2019.768599101573,-2022.910191755163,-967.3350601489825,-2016.6270064479836,-2007.2022284872141,-2022.9101917551632,-2016.6270064479838,-2019.768599101573,-2022.910191755163,-2022.910191755163,-2019.7685991015733,-2019.7685991015733,-2022.9101917551632,-2019.7685991015733,-2022.910191755163,-2019.7685991015733,-2022.9101917551632,-2022.910191755163,-2013.4854137943937,-2022.910191755163,-2019.7685991015735,-1539.104923102334,-2004.0606358336242,-2019.7685991015733,-2022.910191755163,-2022.910191755163,-2019.768599101573,-957.9102821881347,-964.1934674953553,-967.3350601489593,-2007.2022284872141,-2022.910191755163,-2022.9101917551632,-2016.6270064479836,-2016.6270064479836,-2019.768599101573,-2019.7685991015733
-2020.4112553065913,-2020.4112553065916,-2020.4112553065916,-2017.2696626530021,-2017.269662653002,-2020.4112553065913,-961.6945310467825,-1458.066170314017,-2020.4112553065916,-2020.4112553065918,-2020.4112553065916,-2020.4112553065916,-2020.4112553065913,-2020.4112553065913,-2023.5528479601812,-967.9777163540015,-2017.269662653002,-2007.8448846922324,-2023.5528479601815,-2017.2696626530021,-2020.4112553065916,-2023.5528479601812,-2023.5528479601812,-2020.4112553065916,-2020.4112553065916,-2023.5528479601815,-2020.4112553065916,-2023.5528479601812,-2020.4112553065916,-2023.5528479601815,-2023.5528479601812,-2014.128069999412,-2023.5528479601812,-2020.4112553065918,-1539.7475793073522,-2004.7032920386425,-2020.4112553065916,-2023.5528479601812,-2023.5528479601812,-2020.4112553065916,-958.5529383931618,-964.836123700378,-967.9777163539807,-2007.8448846922324,-2023.5528479601812,-2023.5528479601815,-2017.269662653002,-2017.269662653002,-2020.4112553065913,-2020.4112553065918
-2021.0539115265185,-2021.0539115265187,-2021.0539115265187,-2017.9123188729293,-2017.912318872929,-2021.0539115265187,-962.3371872667147,-1458.7088265339441,-2021.0539115265187,-2021.053911526519,-2021.0539115265187,-2021.0539115265187,-2021.0539115265185,-2021.0539115265185,-2024.1955041801084,-968.6203725739292,-2017.912318872929,-2008.4875409121596,-2024.1955041801086,-2017.9123188729293,-2021.0539115265187,-2024.1955041801084,-2024.1955041801084,-2021.0539115265187,-2021.0539115265187,-2024.1955041801086,-2021.0539115265187,-2024.1955041801084,-2021.0539115265187,-2024.1955041801086,-2024.1955041801084,-2014.7707262193392,-2024.1955041801084,-2021.053911526519,-1540.3902355272794,-2005.3459482585697,-2021.0539115265187,-2024.1955041801084,-2024.1955041801084,-2021.0539115265187,-959.1955946130977,-965.4787799203098,-968.6203725739109,-2008.4875409121596,-2024.1955041801084,-2024.1955041801086,-2017.912318872929,-2017.912318872929,-2021.0539115265185,-2021.053911526519
-2021.6965677612,-2021.6965677612002,-2021.6965677612,-2018.5549751076105,-2018.5549751076105,-2021.6965677612,-962.9798435014012,-1459.3514827686254,-2021.6965677612,-2021.6965677612002,-2021.6965677612002,-2021.6965677612002,-2021.6965677612,-2021.6965677612,-2024.8381604147899,-969.2630288086111,-2018.5549751076103,-2009.1301971468408,-2024.83816041479,-2018.5549751076105,-2021.6965677612,-2024.8381604147899,-2024.8381604147896,-2021.6965677612,-2021.6965677612002,-2024.8381604147899,-2021.6965677612002,-2024.8381604147899,-2021.6965677612002,-2024.83816041479,-2024.8381604147899,-2015.4133824540206,-2024.8381604147899,-2021.6965677612002,-1541.0328917619606,-2005.9886044932512,-2021.6965677612002,-2024.8381604147896,-2024.8381604147899,-2021.6965677612,-959.8382508477878,-966.1214361549955,-969.2630288085952,-2009.1301971468408,-2024.8381604147899,-2024.8381604147899,-2018.5549751076103,-2018.5549751076103,-2021.6965677612,-2021.6965677612002
-2022.3392240104815,-2022.3392240104818,-2022.3392240104818,-2019.1976313568923,-2019.197631356892,-2022.3392240104818,-963.6224997506881,-1459.994139017907,-2022.3392240104818,-2022.339224010482,-2022.3392240104818,-2022.3392240104818,-2022.3392240104815,-2022.3392240104815,-2025.4808166640714,-969.9056850578935,-2019.197631356892,-2009.7728533961226,-2025.4808166640717,-2019.1976313568923,-2022.3392240104818,-2025.4808166640714,-2025.4808166640714,-2022.3392240104818,-2022.3392240104818,-2025.4808166640717,-2022.3392240104818,-2025.4808166640714,-2022.3392240104818,-2025.4808166640717,-2025.4808166640714,-2016.0560387033022,-2025.4808166640717,-2022.339224010482,-1541.6755480112422,-2006.6312607425327,-2022.3392240104818,-2025.4808166640714,-2025.4808166640714,-2022.3392240104818,-960.4809070970781,-966.7640924042817,-969.9056850578799,-2009.7728533961226,-2025.4808166640714,-2025.4808166640717,-2019.197631356892,-2019.197631356892,-2022.3392240104815,-2022.339224010482
-2022.9818802742116,-2022.9818802742118,-2022.9818802742116,-2019.8402876206221,-2019.8402876206221,-2022.9818802742116,-964.265156014423,-1460.6367952816368,-2022.9818802742116,-2022.9818802742118,-2022.9818802742118,-2022.9818802742118,-2022.9818802742116,-2022.9818802742116,-2026.1234729278015,-970.548341321624,-2019.840287620622,-2010.4155096598527,-2026.1234729278017,-2019.8402876206221,-2022.9818802742116,-2026.1234729278015,-2026.1234729278015,-2022.9818802742118,-2022.9818802742118,-2026.1234729278015,-2022.9818802742118,-2026.1234729278015,-2022.9818802742118,-2026.1234729278017,-2026.1234729278015,-2016.6986949670322,-2026.1234729278015,-2022.9818802742118,-1542.318204274972,-2007.2739170062628,-2022.9818802742118,-2026.1234729278012,-2026.1234729278015,-2022.9818802742116,-961.1235633608165,-967.406748668016,-970.5483413216127,-2010.4155096598524,-2026.1234729278015,-2026.1234729278015,-2019.840287620622,-2019.840287620622,-2022.9818802742116,-2022.9818802742118
-2023.6245365522386,-2023.6245365522389,-2023.6245365522386,-2020.4829438986492,-2020.482943898649,-2023.6245365522386,-964.907812292455,-1461.2794515596638,-2023.6245365522386,-2023.6245365522389,-2023.6245365522389,-2023.6245365522389,-2023.6245365522386,-2023.6245365522386,-2026.7661292058285,-971.1909975996516,-2020.482943898649,-2011.0581659378795,-2026.7661292058285,-2020.4829438986492,-2023.6245365522386,-2026.7661292058285,-2026.7661292058283,-2023.6245365522386,-2023.6245365522389,-2026.7661292058285,-2023.6245365522389,-2026.7661292058285,-2023.6245365522386,-2026.7661292058287,-2026.7661292058283,-2017.3413512450593,-2026.7661292058285,-2023.6245365522389,-1542.960860552999,-2007.9165732842898,-2023.6245365522386,-2026.7661292058283,-2026.7661292058283,-2023.6245365522386,-961.7662196388519,-968.0494049460473,-971.1909975996426,-2011.0581659378795,-2026.7661292058285,-2026.7661292058285,-2020.482943898649,-2020.482943898649,-2023.6245365522386,-2023.6245365522389
-2024.2671928444129,-2024.2671928444129,-2024.2671928444129,-2021.1256001908232,-2021.1256001908232,-2024.2671928444129,-965.550468584634,-1461.9221078518378,-2024.2671928444129,-2024.267192844413,-2024.2671928444129,-2024.2671928444129,-2024.2671928444129,-2024.2671928444129,-2027.4087854980025,-971.8336538918264,-2021.1256001908232,-2011.7008222300537,-2027.4087854980028,-2021.1256001908234,-2024.2671928444129,-2027.4087854980028,-2027.4087854980025,-2024.2671928444129,-2024.2671928444129,-2027.4087854980028,-2024.2671928444129,-2027.4087854980025,-2024.2671928444129,-2027.408785498003,-2027.4087854980025,-2017.9840075372333,-2027.4087854980028,-2024.267192844413,-1543.603516845173,-2008.5592295764638,-2024.2671928444129,-2027.4087854980025,-2027.4087854980025,-2024.2671928444129,-962.4088759310343,-968.6920612382257,-971.8336538918197,-2011.7008222300537,-2027.4087854980025,-2027.4087854980028,-2021.1256001908232,-2021.1256001908232,-2024.2671928444129,-2024.267192844413
-2024.9098491505854,-2024.9098491505856,-2024.9098491505854,-2021.768256496996,-2021.768256496996,-2024.9098491505856,-966.1931248908114,-1462.5647641580106,-2024.9098491505856,-2024.9098491505856,-2024.9098491505856,-2024.9098491505856,-2024.9098491505854,-2024.9098491505856,-2028.0514418041753,-972.4763101979997,-2021.768256496996,-2012.3434785362265,-2028.0514418041755,-2021.768256496996,-2024.9098491505856,-2028.0514418041753,-2028.0514418041753,-2024.9098491505856,-2024.9098491505856,-2028.0514418041755,-2024.9098491505856,-2028.0514418041753,-2024.9098491505856,-2028.0514418041757,-2028.0514418041753,-2018.626663843406,-2028.0514418041753,-2024.9098491505856,-1544.2461731513458,-2009.2018858826366,-2024.9098491505856,-2028.0514418041753,-2028.0514418041753,-2024.9098491505856,-963.0515322372149,-969.3347175444026,-972.4763101979952,-2012.3434785362265,-2028.0514418041753,-2028.0514418041755,-2021.768256496996,-2021.768256496996,-2024.9098491505856,-2024.9098491505856
-2025.5525054706093,-2025.5525054706093,-2025.552505470609,-2022.4109128170196,-2022.4109128170196,-2025.5525054706093,-966.8357812108396,-1463.2074204780342,-2025.5525054706093,-2025.5525054706093,-2025.5525054706093,-2025.5525054706093,-2025.5525054706093,-2025.5525054706093,-2028.694098124199,-973.118966518024,-2022.4109128170196,-2012.9861348562501,-2028.6940981241992,-2022.4109128170196,-2025.5525054706093,-2028.694098124199,-2028.694098124199,-2025.5525054706093,-2025.5525054706093,-2028.6940981241992,-2025.5525054706093,-2028.694098124199,-2025.5525054706093,-2028.6940981241994,-2028.694098124199,-2019.2693201634297,-2028.694098124199,-2025.5525054706093,-1544.8888294713695,-2009.8445422026603,-2025.5525054706093,-2028.694098124199,-2028.694098124199,-2025.5525054706093,-963.6941885572462,-969.9773738644301,-973.1189665180215,-2012.9861348562501,-2028.694098124199,-2028.6940981241992,-2022.4109128170196,-2022.4109128170196,-2025.5525054706093,-2025.5525054706093
-2026.1951618043374,-2026.1951618043377,-2026.1951618043374,-2023.0535691507478,-2023.0535691507478,-2026.1951618043374,-967.4784375445722,-1463.8500768117624,-2026.1951618043374,-2026.1951618043377,-2026.1951618043377,-2026.1951618043374,-2026.1951618043374,-2026.1951618043374,-2029.336754457927,-973.7616228517527,-2023.0535691507478,-2013.6287911899783,-2029.3367544579273,-2023.0535691507478,-2026.1951618043374,-2029.3367544579273,-2029.336754457927,-2026.1951618043374,-2026.1951618043374,-2029.3367544579273,-2026.1951618043377,-2029.336754457927,-2026.1951618043374,-2029.3367544579276,-2029.336754457927,-2019.9119764971579,-2029.3367544579273,-2026.1951618043377,-1545.5314858050976,-2010.4871985363884,-2026.1951618043374,-2029.336754457927,-2029.336754457927,-2026.1951618043374,-964.3368448909818,-970.6200301981621,-973.7616228517522,-2013.6287911899783,-2029.3367544579273,-2029.3367544579273,-2023.0535691507478,-2023.0535691507478,-2026.1951618043374,-2026.1951618043377
-2026.837818151625,-2026.837818151625,-2026.837818151625,-2023.6962254980353,-2023.6962254980353,-2026.837818151625,-968.1210938918639,-1464.49273315905,-2026.837818151625,-2026.837818151625,-2026.837818151625,-2026.837818151625,-2026.837818151625,-2026.837818151625,-2029.9794108052147,-974.4042791990407,-2023.6962254980353,-2014.2714475372659,-2029.979410805215,-2023.6962254980353,-2026.837818151625,-2029.9794108052147,-2029.9794108052147,-2026.837818151625,-2026.837818151625,-2029.979410805215,-2026.837818151625,-2029.9794108052147,-2026.837818151625,-2029.9794108052151,-2029.9794108052147,-2020.5546328444455,-2029.9794108052147,-2026.837818151625,-1546.1741421523852,-2011.129854883676,-2026.837818151625,-2029.9794108052147,-2029.9794108052147,-2026.837818151625,-964.9795012382762,-971.2626865454532,-974.4042791990422,-2014.2714475372659,-2029.9794108052147,-2029.979410805215,-2023.6962254980353,-2023.6962254980353,-2026.837818151625,-2026.837818151625
-2027.4804745123274,-2027.4804745123276,-2027.4804745123274,-2024.3388818587378,-2024.3388818587378,-2027.4804745123274,-968.7637502525702,-1465.1353895197524,-2027.4804745123274,-2027.4804745123276,-2027.4804745123276,-2027.4804745123276,-2027.4804745123274,-2027.4804745123274,-2030.6220671659173,-975.0469355597438,-2024.3388818587378,-2014.9141038979685,-2030.6220671659173,-2024.338881858738,-2027.4804745123274,-2030.6220671659173,-2030.6220671659173,-2027.4804745123276,-2027.4804745123276,-2030.6220671659173,-2027.4804745123276,-2030.6220671659173,-2027.4804745123276,-2030.6220671659175,-2030.6220671659173,-2021.197289205148,-2030.6220671659173,-2027.4804745123276,-1546.8167985130876,-2011.7725112443786,-2027.4804745123274,-2030.6220671659173,-2030.6220671659173,-2027.4804745123274,-965.6221575989852,-971.905342906159,-975.046935559747,-2014.9141038979685,-2030.6220671659173,-2030.6220671659173,-2024.3388818587378,-2024.3388818587378,-2027.4804745123274,-2027.4804745123276
-2028.1231308863019,-2028.123130886302,-2028.1231308863019,-2024.9815382327122,-2024.9815382327122,-2028.1231308863019,-969.4064066265482,-1465.7780458937268,-2028.1231308863019,-2028.123130886302,-2028.123130886302,-2028.123130886302,-2028.1231308863019,-2028.1231308863019,-2031.2647235398917,-975.6895919337188,-2024.9815382327122,-2015.556760271943,-2031.2647235398917,-2024.9815382327124,-2028.1231308863019,-2031.2647235398917,-2031.2647235398917,-2028.123130886302,-2028.123130886302,-2031.2647235398917,-2028.123130886302,-2031.2647235398917,-2028.123130886302,-2031.264723539892,-2031.2647235398917,-2021.8399455791225,-2031.2647235398917,-2028.123130886302,-1547.459454887062,-2012.415167618353,-2028.123130886302,-2031.2647235398917,-2031.2647235398917,-2028.1231308863019,-966.2648139729656,-972.5479992801367,-975.6895919337236,-2015.556760271943,-2031.2647235398917,-2031.2647235398917,-2024.9815382327122,-2024.9815382327122,-2028.1231308863019,-2028.123130886302
-2028.7657872734062,-2028.7657872734064,-2028.7657872734062,-2025.6241946198165,-2025.6241946198165,-2028.7657872734062,-970.0490630136558,-1466.4207022808312,-2028.7657872734062,-2028.7657872734064,-2028.7657872734064,-2028.7657872734062,-2028.7657872734062,-2028.7657872734062,-2031.9073799269959,-976.3322483208235,-2025.6241946198165,-2016.1994166590473,-2031.907379926996,-2025.6241946198165,-2028.7657872734062,-2031.907379926996,-2031.907379926996,-2028.7657872734064,-2028.7657872734062,-2031.907379926996,-2028.7657872734064,-2031.9073799269959,-2028.7657872734064,-2031.9073799269963,-2031.9073799269959,-2022.4826019662269,-2031.907379926996,-2028.7657872734064,-1548.1021112741664,-2013.0578240054572,-2028.7657872734062,-2031.9073799269959,-2031.9073799269959,-2028.7657872734062,-966.9074703600753,-973.1906556672437,-976.3322483208298,-2016.199416659047,-2031.907379926996,-2031.907379926996,-2025.6241946198165,-2025.6241946198165,-2028.7657872734062,-2028.7657872734064
-2029.4084436734993,-2029.4084436734995,-2029.4084436734993,-2026.2668510199096,-2026.2668510199096,-2029.4084436734993,-970.6917194137518,-1467.0633586809242,-2029.4084436734993,-2029.4084436734995,-2029.4084436734995,-2029.4084436734995,-2029.4084436734993,-2029.4084436734993,-2032.5500363270892,-976.974904720917,-2026.2668510199096,-2016.8420730591404,-2032.5500363270892,-2026.2668510199096,-2029.4084436734993,-2032.5500363270892,-2032.5500363270892,-2029.4084436734995,-2029.4084436734993,-2032.5500363270892,-2029.4084436734995,-2032.5500363270892,-2029.4084436734995,-2032.5500363270894,-2032.5500363270892,-2023.12525836632,-2032.5500363270892,-2029.4084436734995,-1548.7447676742595,-2013.7004804055505,-2029.4084436734993,-2032.5500363270892,-2032.5500363270892,-2029.4084436734993,-967.5501267601733,-973.8333120673394,-976.9749047209247,-2016.8420730591404,-2032.5500363270892,-2032.5500363270892,-2026.2668510199096,-2026.2668510199096,-2029.4084436734993,-2029.4084436734995
-2030.0511000864412,-2030.0511000864415,-2030.0511000864412,-2026.9095074328516,-2026.9095074328513,-2030.0511000864412,-971.3343758266961,-1467.7060150938662,-2030.0511000864412,-2030.0511000864412,-2030.0511000864412,-2030.0511000864412,-2030.0511000864412,-2030.0511000864412,-2033.192692740031,-977.6175611338593,-2026.9095074328516,-2017.484729472082,-2033.1926927400311,-2026.9095074328516,-2030.0511000864412,-2033.1926927400311,-2033.192692740031,-2030.0511000864412,-2030.0511000864412,-2033.192692740031,-2030.0511000864412,-2033.192692740031,-2030.0511000864412,-2033.1926927400314,-2033.192692740031,-2023.7679147792617,-2033.192692740031,-2030.0511000864412,-1549.3874240872015,-2014.3431368184922,-2030.0511000864412,-2033.192692740031,-2033.192692740031,-2030.0511000864412,-968.1927831731193,-974.4759684802834,-977.617561133868,-2017.484729472082,-2033.192692740031,-2033.192692740031,-2026.9095074328513,-2026.9095074328516,-2030.0511000864412,-2030.0511000864412
-2030.693756512093,-2030.693756512093,-2030.6937565120927,-2027.552163858503,-2027.552163858503,-2030.6937565120927,-971.9770322523499,-1468.348671519518,-2030.6937565120927,-2030.693756512093,-2030.693756512093,-2030.693756512093,-2030.693756512093,-2030.693756512093,-2033.8353491656826,-978.2602175595114,-2027.552163858503,-2018.1273858977338,-2033.8353491656826,-2027.552163858503,-2030.6937565120927,-2033.8353491656826,-2033.8353491656826,-2030.693756512093,-2030.693756512093,-2033.8353491656826,-2030.693756512093,-2033.8353491656826,-2030.693756512093,-2033.8353491656828,-2033.8353491656826,-2024.4105712049134,-2033.8353491656826,-2030.693756512093,-1550.030080512853,-2014.985793244144,-2030.693756512093,-2033.8353491656826,-2033.8353491656826,-2030.6937565120927,-968.8354395987743,-975.1186249059369,-978.2602175595209,-2018.1273858977338,-2033.8353491656826,-2033.8353491656826,-2027.552163858503,-2027.552163858503,-2030.693756512093,-2030.693756512093
-2031.3364129503161,-2031.3364129503161,-2031.3364129503161,-2028.1948202967264,-2028.1948202967262,-2031.3364129503161,-972.6196886905748,-1468.991327957741,-2031.3364129503161,-2031.3364129503161,-2031.3364129503161,-2031.3364129503161,-2031.3364129503161,-2031.3364129503161,-2034.4780056039058,-978.902873997735,-2028.1948202967264,-2018.770042335957,-2034.478005603906,-2028.1948202967264,-2031.3364129503161,-2034.4780056039058,-2034.4780056039058,-2031.3364129503161,-2031.3364129503161,-2034.4780056039058,-2031.3364129503161,-2034.4780056039058,-2031.3364129503161,-2034.4780056039062,-2034.4780056039058,-2025.0532276431366,-2034.4780056039058,-2031.3364129503161,-1550.6727369510763,-2015.628449682367,-2031.3364129503161,-2034.4780056039058,-2034.4780056039058,-2031.3364129503161,-969.4780960370002,-975.7612813441616,-978.9028739977452,-2018.770042335957,-2034.4780056039058,-2034.4780056039058,-2028.1948202967262,-2028.1948202967264,-2031.3364129503161,-2031.3364129503161
-2031.979069400974,-2031.979069400974,-2031.9790694009737,-2028.837476747384,-2028.837476747384,-2031.9790694009737,-973.2623451412336,-1469.6339844083989,-2031.9790694009737,-2031.979069400974,-2031.979069400974,-2031.9790694009737,-2031.979069400974,-2031.979069400974,-2035.1206620545636,-979.5455304483929,-2028.837476747384,-2019.4126987866148,-2035.1206620545636,-2028.837476747384,-2031.9790694009737,-2035.1206620545636,-2035.1206620545636,-2031.979069400974,-2031.979069400974,-2035.1206620545636,-2031.979069400974,-2035.1206620545636,-2031.979069400974,-2035.1206620545638,-2035.1206620545636,-2025.6958840937943,-2035.1206620545636,-2031.979069400974,-1551.3153934017341,-2016.271106133025,-2031.979069400974,-2035.1206620545636,-2035.1206620545636,-2031.9790694009737,-970.1207524876597,-976.4039377948203,-979.5455304484036,-2019.4126987866148,-2035.1206620545636,-2035.1206620545636,-2028.837476747384,-2028.837476747384,-2031.979069400974,-2031.979069400974
